{"noiseKey":{"private":{"type":"Buffer","data":"0NhYUAoQny1JFJ4ZWoPo6n+PllYXo7b2eoPBeRxim1c="},"public":{"type":"Buffer","data":"A7DBrX8mPyliPC4mPS3kc1Ss3DpSeE6lSKYIiWXwrwg="}},"pairingEphemeralKeyPair":{"private":{"type":"Buffer","data":"QMyJZp3RQdnPK4eh0UViNMIx3H49xzMeW5sAJxCj3GQ="},"public":{"type":"Buffer","data":"VTdhVFcbZIlVTIIqT8w9qwEoTsN/19Qt/Nmi6xATTnw="}},"signedIdentityKey":{"private":{"type":"Buffer","data":"CJxiU2CavIj5b65yS8YVlNUYCTcCQjwUYVaP/5pW+nY="},"public":{"type":"Buffer","data":"WDwLVTkpurtByRr3r3aejv9GuoakAOpIyoPG9usgPwY="}},"signedPreKey":{"keyPair":{"private":{"type":"Buffer","data":"+P06UqZnAYzrPRRat1n+RVy1zD5jSaKtM9Gqq/53XWA="},"public":{"type":"Buffer","data":"K9IqobUu/HpYHcrwKVjXck8KIfWJPAqXH8DD1cZhNmo="}},"signature":{"type":"Buffer","data":"68KwfVOXqYxTCSNKo1B5nqSoXekt0a0Kxd7olLqYvGMK+Ns9BEyYSrPuAe1IiRUWwK579tFnpCyNN05OZCXigQ=="},"keyId":1},"registrationId":70,"advSecretKey":"eIs1JW05WmOeSCyTYV5mxPg7af2AwvFDKA4BQ0B0lzM=","processedHistoryMessages":[{"key":{"remoteJid":"48459267825@s.whatsapp.net","fromMe":true,"id":"19531945E23239BBDBEB2B05F36E982B"},"messageTimestamp":1714072614},{"key":{"remoteJid":"48459267825@s.whatsapp.net","fromMe":true,"id":"E6A16768EEF70C17DFB0734210344768"},"messageTimestamp":1714072621},{"key":{"remoteJid":"48459267825@s.whatsapp.net","fromMe":true,"id":"94272639364C4F78D522FFF64093843D"},"messageTimestamp":1714072621},{"key":{"remoteJid":"48459267825@s.whatsapp.net","fromMe":true,"id":"330E2E125DBB7360C147303CE77A90DD"},"messageTimestamp":1714072621}],"nextPreKeyId":31,"firstUnuploadedPreKeyId":31,"accountSyncCounter":1,"accountSettings":{"unarchiveChats":false},"deviceId":"Rw5MX252RaqA7S4gA6JL7w","phoneId":"19f43168-9f7d-4b7b-b72f-d63142a46f5a","identityId":{"type":"Buffer","data":"se3Jb0oBJh8OCTpMgXhZhA9WBCc="},"registered":true,"backupToken":{"type":"Buffer","data":"zKab4tfQ9MtnGLi5/vqpZPCFzfU="},"registration":{},"pairingCode":"858TFYVA","me":{"id":"48459267825:1@s.whatsapp.net","name":"𝙾𝚁𝙰𝙷𝙰𝚁𝙰"},"account":{"details":"CMvMuZIBEKPYqrEGGAEgACgA","accountSignatureKey":"5gXy3wVrW2XewyZUWZY3weFC0ZsPTdnOcqs6qfpgJlg=","accountSignature":"ktSAtEyPLf247tvLEaw7TcCmoXui64ZbZgb57m2rIcIr+MaUWoLSrQM9ACxBTaMOrpz9MpTwfB1yW57eU7TQDQ==","deviceSignature":"/2KCKlbi1xX+jHhH+LF6ShEb7drU8mcezfPJMhM/rrj0Y6xyoHnXzo/az5xvtEU8ruxC2PKjxLtv5noddayAjQ=="},"signalIdentities":[{"identifier":{"name":"48459267825:1@s.whatsapp.net","deviceId":0},"identifierKey":{"type":"Buffer","data":"BeYF8t8Fa1tl3sMmVFmWN8HhQtGbD03ZznKrOqn6YCZY"}}],"platform":"smba","lastAccountSyncTimestamp":1714072614,"myAppStateKeyId":"AAAAAGCM"}
